"COUNTOFCATALOGEDITEM","LINKTOSPECIMENS","PHYLORDER"
"3415","http://arctos.database.museum/SpecimenResults.cfm?guid_prefix=MVZ:Herp,MVZ:Hild,MVZ:Egg,MVZ:Bird,MVZ:Mamm&scientific_name_match_type=exact&phylorder==Accipitriformes","Accipitriformes"
"4","http://arctos.database.museum/SpecimenResults.cfm?guid_prefix=MVZ:Herp,MVZ:Hild,MVZ:Egg,MVZ:Bird,MVZ:Mamm&scientific_name_match_type=exact&phylorder==Acipenseriformes","Acipenseriformes"
"2","http://arctos.database.museum/SpecimenResults.cfm?guid_prefix=MVZ:Herp,MVZ:Hild,MVZ:Egg,MVZ:Bird,MVZ:Mamm&scientific_name_match_type=exact&phylorder==Aepyornithiformes","Aepyornithiformes"
"149","http://arctos.database.museum/SpecimenResults.cfm?guid_prefix=MVZ:Herp,MVZ:Hild,MVZ:Egg,MVZ:Bird,MVZ:Mamm&scientific_name_match_type=exact&phylorder==Afrosoricida","Afrosoricida"
"3","http://arctos.database.museum/SpecimenResults.cfm?guid_prefix=MVZ:Herp,MVZ:Hild,MVZ:Egg,MVZ:Bird,MVZ:Mamm&scientific_name_match_type=exact&phylorder==Amiiformes","Amiiformes"
"6","http://arctos.database.museum/SpecimenResults.cfm?guid_prefix=MVZ:Herp,MVZ:Hild,MVZ:Egg,MVZ:Bird,MVZ:Mamm&scientific_name_match_type=exact&phylorder==Amphioxiformes","Amphioxiformes"
"2","http://arctos.database.museum/SpecimenResults.cfm?guid_prefix=MVZ:Herp,MVZ:Hild,MVZ:Egg,MVZ:Bird,MVZ:Mamm&scientific_name_match_type=exact&phylorder==Anaspida","Anaspida"
"4477","http://arctos.database.museum/SpecimenResults.cfm?guid_prefix=MVZ:Herp,MVZ:Hild,MVZ:Egg,MVZ:Bird,MVZ:Mamm&scientific_name_match_type=exact&phylorder==Anseriformes","Anseriformes"
"1","http://arctos.database.museum/SpecimenResults.cfm?guid_prefix=MVZ:Herp,MVZ:Hild,MVZ:Egg,MVZ:Bird,MVZ:Mamm&scientific_name_match_type=exact&phylorder==Anseriformes%2C%20Gruiformes","Anseriformes, Gruiformes"
"2","http://arctos.database.museum/SpecimenResults.cfm?guid_prefix=MVZ:Herp,MVZ:Hild,MVZ:Egg,MVZ:Bird,MVZ:Mamm&scientific_name_match_type=exact&phylorder==Antiarchi","Antiarchi"
"54167","http://arctos.database.museum/SpecimenResults.cfm?guid_prefix=MVZ:Herp,MVZ:Hild,MVZ:Egg,MVZ:Bird,MVZ:Mamm&scientific_name_match_type=exact&phylorder==Anura","Anura"
"5","http://arctos.database.museum/SpecimenResults.cfm?guid_prefix=MVZ:Herp,MVZ:Hild,MVZ:Egg,MVZ:Bird,MVZ:Mamm&scientific_name_match_type=exact&phylorder==Aplousobranchia","Aplousobranchia"
"599","http://arctos.database.museum/SpecimenResults.cfm?guid_prefix=MVZ:Herp,MVZ:Hild,MVZ:Egg,MVZ:Bird,MVZ:Mamm&scientific_name_match_type=exact&phylorder==Apodiformes","Apodiformes"
"7","http://arctos.database.museum/SpecimenResults.cfm?guid_prefix=MVZ:Herp,MVZ:Hild,MVZ:Egg,MVZ:Bird,MVZ:Mamm&scientific_name_match_type=exact&phylorder==Apterygiformes","Apterygiformes"
"2","http://arctos.database.museum/SpecimenResults.cfm?guid_prefix=MVZ:Herp,MVZ:Hild,MVZ:Egg,MVZ:Bird,MVZ:Mamm&scientific_name_match_type=exact&phylorder==Arthrodira","Arthrodira"
"2312","http://arctos.database.museum/SpecimenResults.cfm?guid_prefix=MVZ:Herp,MVZ:Hild,MVZ:Egg,MVZ:Bird,MVZ:Mamm&scientific_name_match_type=exact&phylorder==Artiodactyla","Artiodactyla"
"1","http://arctos.database.museum/SpecimenResults.cfm?guid_prefix=MVZ:Herp,MVZ:Hild,MVZ:Egg,MVZ:Bird,MVZ:Mamm&scientific_name_match_type=exact&phylorder==Batoidea","Batoidea"
"1","http://arctos.database.museum/SpecimenResults.cfm?guid_prefix=MVZ:Herp,MVZ:Hild,MVZ:Egg,MVZ:Bird,MVZ:Mamm&scientific_name_match_type=exact&phylorder==Batrachoidiformes","Batrachoidiformes"
"1","http://arctos.database.museum/SpecimenResults.cfm?guid_prefix=MVZ:Herp,MVZ:Hild,MVZ:Egg,MVZ:Bird,MVZ:Mamm&scientific_name_match_type=exact&phylorder==Beryciformes","Beryciformes"
"46","http://arctos.database.museum/SpecimenResults.cfm?guid_prefix=MVZ:Herp,MVZ:Hild,MVZ:Egg,MVZ:Bird,MVZ:Mamm&scientific_name_match_type=exact&phylorder==Bucerotiformes","Bucerotiformes"
"2","http://arctos.database.museum/SpecimenResults.cfm?guid_prefix=MVZ:Herp,MVZ:Hild,MVZ:Egg,MVZ:Bird,MVZ:Mamm&scientific_name_match_type=exact&phylorder==Caldodontiformes","Caldodontiformes"
"5614","http://arctos.database.museum/SpecimenResults.cfm?guid_prefix=MVZ:Herp,MVZ:Hild,MVZ:Egg,MVZ:Bird,MVZ:Mamm&scientific_name_match_type=exact&phylorder==Caprimulgiformes","Caprimulgiformes"
"11064","http://arctos.database.museum/SpecimenResults.cfm?guid_prefix=MVZ:Herp,MVZ:Hild,MVZ:Egg,MVZ:Bird,MVZ:Mamm&scientific_name_match_type=exact&phylorder==Carnivora","Carnivora"
"29","http://arctos.database.museum/SpecimenResults.cfm?guid_prefix=MVZ:Herp,MVZ:Hild,MVZ:Egg,MVZ:Bird,MVZ:Mamm&scientific_name_match_type=exact&phylorder==Casuariiformes","Casuariiformes"
"168","http://arctos.database.museum/SpecimenResults.cfm?guid_prefix=MVZ:Herp,MVZ:Hild,MVZ:Egg,MVZ:Bird,MVZ:Mamm&scientific_name_match_type=exact&phylorder==Cathartiformes","Cathartiformes"
"111408","http://arctos.database.museum/SpecimenResults.cfm?guid_prefix=MVZ:Herp,MVZ:Hild,MVZ:Egg,MVZ:Bird,MVZ:Mamm&scientific_name_match_type=exact&phylorder==Caudata","Caudata"
"275","http://arctos.database.museum/SpecimenResults.cfm?guid_prefix=MVZ:Herp,MVZ:Hild,MVZ:Egg,MVZ:Bird,MVZ:Mamm&scientific_name_match_type=exact&phylorder==Cetacea","Cetacea"
"3","http://arctos.database.museum/SpecimenResults.cfm?guid_prefix=MVZ:Herp,MVZ:Hild,MVZ:Egg,MVZ:Bird,MVZ:Mamm&scientific_name_match_type=exact&phylorder==Characiformes","Characiformes"
"15505","http://arctos.database.museum/SpecimenResults.cfm?guid_prefix=MVZ:Herp,MVZ:Hild,MVZ:Egg,MVZ:Bird,MVZ:Mamm&scientific_name_match_type=exact&phylorder==Charadriiformes","Charadriiformes"
"1","http://arctos.database.museum/SpecimenResults.cfm?guid_prefix=MVZ:Herp,MVZ:Hild,MVZ:Egg,MVZ:Bird,MVZ:Mamm&scientific_name_match_type=exact&phylorder==Chimaeriformes","Chimaeriformes"
"23581","http://arctos.database.museum/SpecimenResults.cfm?guid_prefix=MVZ:Herp,MVZ:Hild,MVZ:Egg,MVZ:Bird,MVZ:Mamm&scientific_name_match_type=exact&phylorder==Chiroptera","Chiroptera"
"37","http://arctos.database.museum/SpecimenResults.cfm?guid_prefix=MVZ:Herp,MVZ:Hild,MVZ:Egg,MVZ:Bird,MVZ:Mamm&scientific_name_match_type=exact&phylorder==Ciconiiformes","Ciconiiformes"
"65","http://arctos.database.museum/SpecimenResults.cfm?guid_prefix=MVZ:Herp,MVZ:Hild,MVZ:Egg,MVZ:Bird,MVZ:Mamm&scientific_name_match_type=exact&phylorder==Cingulata","Cingulata"
"2","http://arctos.database.museum/SpecimenResults.cfm?guid_prefix=MVZ:Herp,MVZ:Hild,MVZ:Egg,MVZ:Bird,MVZ:Mamm&scientific_name_match_type=exact&phylorder==Climatiformes","Climatiformes"
"19","http://arctos.database.museum/SpecimenResults.cfm?guid_prefix=MVZ:Herp,MVZ:Hild,MVZ:Egg,MVZ:Bird,MVZ:Mamm&scientific_name_match_type=exact&phylorder==Coliiformes","Coliiformes"
"2035","http://arctos.database.museum/SpecimenResults.cfm?guid_prefix=MVZ:Herp,MVZ:Hild,MVZ:Egg,MVZ:Bird,MVZ:Mamm&scientific_name_match_type=exact&phylorder==Columbiformes","Columbiformes"
"2","http://arctos.database.museum/SpecimenResults.cfm?guid_prefix=MVZ:Herp,MVZ:Hild,MVZ:Egg,MVZ:Bird,MVZ:Mamm&scientific_name_match_type=exact&phylorder==Condylarthra","Condylarthra"
"907","http://arctos.database.museum/SpecimenResults.cfm?guid_prefix=MVZ:Herp,MVZ:Hild,MVZ:Egg,MVZ:Bird,MVZ:Mamm&scientific_name_match_type=exact&phylorder==Coraciiformes","Coraciiformes"
"41","http://arctos.database.museum/SpecimenResults.cfm?guid_prefix=MVZ:Herp,MVZ:Hild,MVZ:Egg,MVZ:Bird,MVZ:Mamm&scientific_name_match_type=exact&phylorder==Crocodilia","Crocodilia"
"26","http://arctos.database.museum/SpecimenResults.cfm?guid_prefix=MVZ:Herp,MVZ:Hild,MVZ:Egg,MVZ:Bird,MVZ:Mamm&scientific_name_match_type=exact&phylorder==Crocodylia","Crocodylia"
"1","http://arctos.database.museum/SpecimenResults.cfm?guid_prefix=MVZ:Herp,MVZ:Hild,MVZ:Egg,MVZ:Bird,MVZ:Mamm&scientific_name_match_type=exact&phylorder==Crossopterygii","Crossopterygii"
"905","http://arctos.database.museum/SpecimenResults.cfm?guid_prefix=MVZ:Herp,MVZ:Hild,MVZ:Egg,MVZ:Bird,MVZ:Mamm&scientific_name_match_type=exact&phylorder==Cuculiformes","Cuculiformes"
"1","http://arctos.database.museum/SpecimenResults.cfm?guid_prefix=MVZ:Herp,MVZ:Hild,MVZ:Egg,MVZ:Bird,MVZ:Mamm&scientific_name_match_type=exact&phylorder==Cypriniformes","Cypriniformes"
"206","http://arctos.database.museum/SpecimenResults.cfm?guid_prefix=MVZ:Herp,MVZ:Hild,MVZ:Egg,MVZ:Bird,MVZ:Mamm&scientific_name_match_type=exact&phylorder==Dasyuromorphia","Dasyuromorphia"
"7","http://arctos.database.museum/SpecimenResults.cfm?guid_prefix=MVZ:Herp,MVZ:Hild,MVZ:Egg,MVZ:Bird,MVZ:Mamm&scientific_name_match_type=exact&phylorder==Dermoptera","Dermoptera"
"2","http://arctos.database.museum/SpecimenResults.cfm?guid_prefix=MVZ:Herp,MVZ:Hild,MVZ:Egg,MVZ:Bird,MVZ:Mamm&scientific_name_match_type=exact&phylorder==Desmostylia","Desmostylia"
"1650","http://arctos.database.museum/SpecimenResults.cfm?guid_prefix=MVZ:Herp,MVZ:Hild,MVZ:Egg,MVZ:Bird,MVZ:Mamm&scientific_name_match_type=exact&phylorder==Didelphimorphia","Didelphimorphia"
"1","http://arctos.database.museum/SpecimenResults.cfm?guid_prefix=MVZ:Herp,MVZ:Hild,MVZ:Egg,MVZ:Bird,MVZ:Mamm&scientific_name_match_type=exact&phylorder==Dinornithiformes","Dinornithiformes"
"1","http://arctos.database.museum/SpecimenResults.cfm?guid_prefix=MVZ:Herp,MVZ:Hild,MVZ:Egg,MVZ:Bird,MVZ:Mamm&scientific_name_match_type=exact&phylorder==Dinorthiformes","Dinorthiformes"
"4","http://arctos.database.museum/SpecimenResults.cfm?guid_prefix=MVZ:Herp,MVZ:Hild,MVZ:Egg,MVZ:Bird,MVZ:Mamm&scientific_name_match_type=exact&phylorder==Dipnoi","Dipnoi"
"883","http://arctos.database.museum/SpecimenResults.cfm?guid_prefix=MVZ:Herp,MVZ:Hild,MVZ:Egg,MVZ:Bird,MVZ:Mamm&scientific_name_match_type=exact&phylorder==Diprotodontia","Diprotodontia"
"65","http://arctos.database.museum/SpecimenResults.cfm?guid_prefix=MVZ:Herp,MVZ:Hild,MVZ:Egg,MVZ:Bird,MVZ:Mamm&scientific_name_match_type=exact&phylorder==Erinaceomorpha","Erinaceomorpha"
"6","http://arctos.database.museum/SpecimenResults.cfm?guid_prefix=MVZ:Herp,MVZ:Hild,MVZ:Egg,MVZ:Bird,MVZ:Mamm&scientific_name_match_type=exact&phylorder==Eurypygiformes","Eurypygiformes"
"1432","http://arctos.database.museum/SpecimenResults.cfm?guid_prefix=MVZ:Herp,MVZ:Hild,MVZ:Egg,MVZ:Bird,MVZ:Mamm&scientific_name_match_type=exact&phylorder==Falconiformes","Falconiformes"
"4670","http://arctos.database.museum/SpecimenResults.cfm?guid_prefix=MVZ:Herp,MVZ:Hild,MVZ:Egg,MVZ:Bird,MVZ:Mamm&scientific_name_match_type=exact&phylorder==Galliformes","Galliformes"
"392","http://arctos.database.museum/SpecimenResults.cfm?guid_prefix=MVZ:Herp,MVZ:Hild,MVZ:Egg,MVZ:Bird,MVZ:Mamm&scientific_name_match_type=exact&phylorder==Gaviiformes","Gaviiformes"
"1639","http://arctos.database.museum/SpecimenResults.cfm?guid_prefix=MVZ:Herp,MVZ:Hild,MVZ:Egg,MVZ:Bird,MVZ:Mamm&scientific_name_match_type=exact&phylorder==Gruiformes","Gruiformes"
"1005","http://arctos.database.museum/SpecimenResults.cfm?guid_prefix=MVZ:Herp,MVZ:Hild,MVZ:Egg,MVZ:Bird,MVZ:Mamm&scientific_name_match_type=exact&phylorder==Gymnophiona","Gymnophiona"
"2","http://arctos.database.museum/SpecimenResults.cfm?guid_prefix=MVZ:Herp,MVZ:Hild,MVZ:Egg,MVZ:Bird,MVZ:Mamm&scientific_name_match_type=exact&phylorder==Heterostraci","Heterostraci"
"37","http://arctos.database.museum/SpecimenResults.cfm?guid_prefix=MVZ:Herp,MVZ:Hild,MVZ:Egg,MVZ:Bird,MVZ:Mamm&scientific_name_match_type=exact&phylorder==Hyracoidea","Hyracoidea"
"2","http://arctos.database.museum/SpecimenResults.cfm?guid_prefix=MVZ:Herp,MVZ:Hild,MVZ:Egg,MVZ:Bird,MVZ:Mamm&scientific_name_match_type=exact&phylorder==Ichthyosauria","Ichthyosauria"
"3652","http://arctos.database.museum/SpecimenResults.cfm?guid_prefix=MVZ:Herp,MVZ:Hild,MVZ:Egg,MVZ:Bird,MVZ:Mamm&scientific_name_match_type=exact&phylorder==Lagomorpha","Lagomorpha"
"5","http://arctos.database.museum/SpecimenResults.cfm?guid_prefix=MVZ:Herp,MVZ:Hild,MVZ:Egg,MVZ:Bird,MVZ:Mamm&scientific_name_match_type=exact&phylorder==Lamniformes","Lamniformes"
"1","http://arctos.database.museum/SpecimenResults.cfm?guid_prefix=MVZ:Herp,MVZ:Hild,MVZ:Egg,MVZ:Bird,MVZ:Mamm&scientific_name_match_type=exact&phylorder==Lepisosteiformes","Lepisosteiformes"
"2","http://arctos.database.museum/SpecimenResults.cfm?guid_prefix=MVZ:Herp,MVZ:Hild,MVZ:Egg,MVZ:Bird,MVZ:Mamm&scientific_name_match_type=exact&phylorder==Leptosomiformes","Leptosomiformes"
"50","http://arctos.database.museum/SpecimenResults.cfm?guid_prefix=MVZ:Herp,MVZ:Hild,MVZ:Egg,MVZ:Bird,MVZ:Mamm&scientific_name_match_type=exact&phylorder==Macroscelidea","Macroscelidea"
"18","http://arctos.database.museum/SpecimenResults.cfm?guid_prefix=MVZ:Herp,MVZ:Hild,MVZ:Egg,MVZ:Bird,MVZ:Mamm&scientific_name_match_type=exact&phylorder==Microbiotheria","Microbiotheria"
"35","http://arctos.database.museum/SpecimenResults.cfm?guid_prefix=MVZ:Herp,MVZ:Hild,MVZ:Egg,MVZ:Bird,MVZ:Mamm&scientific_name_match_type=exact&phylorder==Monotremata","Monotremata"
"15","http://arctos.database.museum/SpecimenResults.cfm?guid_prefix=MVZ:Herp,MVZ:Hild,MVZ:Egg,MVZ:Bird,MVZ:Mamm&scientific_name_match_type=exact&phylorder==Musophagiformes","Musophagiformes"
"1","http://arctos.database.museum/SpecimenResults.cfm?guid_prefix=MVZ:Herp,MVZ:Hild,MVZ:Egg,MVZ:Bird,MVZ:Mamm&scientific_name_match_type=exact&phylorder==Myxiniformes","Myxiniformes"
"1","http://arctos.database.museum/SpecimenResults.cfm?guid_prefix=MVZ:Herp,MVZ:Hild,MVZ:Egg,MVZ:Bird,MVZ:Mamm&scientific_name_match_type=exact&phylorder==Notoryctemorphia","Notoryctemorphia"
"2","http://arctos.database.museum/SpecimenResults.cfm?guid_prefix=MVZ:Herp,MVZ:Hild,MVZ:Egg,MVZ:Bird,MVZ:Mamm&scientific_name_match_type=exact&phylorder==Osteolepiformes","Osteolepiformes"
"3","http://arctos.database.museum/SpecimenResults.cfm?guid_prefix=MVZ:Herp,MVZ:Hild,MVZ:Egg,MVZ:Bird,MVZ:Mamm&scientific_name_match_type=exact&phylorder==Osteostraci","Osteostraci"
"143561","http://arctos.database.museum/SpecimenResults.cfm?guid_prefix=MVZ:Herp,MVZ:Hild,MVZ:Egg,MVZ:Bird,MVZ:Mamm&scientific_name_match_type=exact&phylorder==Passeriformes","Passeriformes"
"11","http://arctos.database.museum/SpecimenResults.cfm?guid_prefix=MVZ:Herp,MVZ:Hild,MVZ:Egg,MVZ:Bird,MVZ:Mamm&scientific_name_match_type=exact&phylorder==Passeriformes%2C%20Cuculiformes","Passeriformes, Cuculiformes"
"3","http://arctos.database.museum/SpecimenResults.cfm?guid_prefix=MVZ:Herp,MVZ:Hild,MVZ:Egg,MVZ:Bird,MVZ:Mamm&scientific_name_match_type=exact&phylorder==Passeriformes%2C%20Galliformes","Passeriformes, Galliformes"
"81","http://arctos.database.museum/SpecimenResults.cfm?guid_prefix=MVZ:Herp,MVZ:Hild,MVZ:Egg,MVZ:Bird,MVZ:Mamm&scientific_name_match_type=exact&phylorder==Paucituberculata","Paucituberculata"
"1569","http://arctos.database.museum/SpecimenResults.cfm?guid_prefix=MVZ:Herp,MVZ:Hild,MVZ:Egg,MVZ:Bird,MVZ:Mamm&scientific_name_match_type=exact&phylorder==Pelecaniformes","Pelecaniformes"
"114","http://arctos.database.museum/SpecimenResults.cfm?guid_prefix=MVZ:Herp,MVZ:Hild,MVZ:Egg,MVZ:Bird,MVZ:Mamm&scientific_name_match_type=exact&phylorder==Peramelemorphia","Peramelemorphia"
"12","http://arctos.database.museum/SpecimenResults.cfm?guid_prefix=MVZ:Herp,MVZ:Hild,MVZ:Egg,MVZ:Bird,MVZ:Mamm&scientific_name_match_type=exact&phylorder==Perciformes","Perciformes"
"66","http://arctos.database.museum/SpecimenResults.cfm?guid_prefix=MVZ:Herp,MVZ:Hild,MVZ:Egg,MVZ:Bird,MVZ:Mamm&scientific_name_match_type=exact&phylorder==Perissodactyla","Perissodactyla"
"5","http://arctos.database.museum/SpecimenResults.cfm?guid_prefix=MVZ:Herp,MVZ:Hild,MVZ:Egg,MVZ:Bird,MVZ:Mamm&scientific_name_match_type=exact&phylorder==Petromyzontiformes","Petromyzontiformes"
"52","http://arctos.database.museum/SpecimenResults.cfm?guid_prefix=MVZ:Herp,MVZ:Hild,MVZ:Egg,MVZ:Bird,MVZ:Mamm&scientific_name_match_type=exact&phylorder==Phaethontiformes","Phaethontiformes"
"35","http://arctos.database.museum/SpecimenResults.cfm?guid_prefix=MVZ:Herp,MVZ:Hild,MVZ:Egg,MVZ:Bird,MVZ:Mamm&scientific_name_match_type=exact&phylorder==Phoenicopteriformes","Phoenicopteriformes"
"8","http://arctos.database.museum/SpecimenResults.cfm?guid_prefix=MVZ:Herp,MVZ:Hild,MVZ:Egg,MVZ:Bird,MVZ:Mamm&scientific_name_match_type=exact&phylorder==Pholidota","Pholidota"
"8373","http://arctos.database.museum/SpecimenResults.cfm?guid_prefix=MVZ:Herp,MVZ:Hild,MVZ:Egg,MVZ:Bird,MVZ:Mamm&scientific_name_match_type=exact&phylorder==Piciformes","Piciformes"
"106","http://arctos.database.museum/SpecimenResults.cfm?guid_prefix=MVZ:Herp,MVZ:Hild,MVZ:Egg,MVZ:Bird,MVZ:Mamm&scientific_name_match_type=exact&phylorder==Pilosa","Pilosa"
"2","http://arctos.database.museum/SpecimenResults.cfm?guid_prefix=MVZ:Herp,MVZ:Hild,MVZ:Egg,MVZ:Bird,MVZ:Mamm&scientific_name_match_type=exact&phylorder==Pleuronectiformes","Pleuronectiformes"
"747","http://arctos.database.museum/SpecimenResults.cfm?guid_prefix=MVZ:Herp,MVZ:Hild,MVZ:Egg,MVZ:Bird,MVZ:Mamm&scientific_name_match_type=exact&phylorder==Podicipediformes","Podicipediformes"
"1","http://arctos.database.museum/SpecimenResults.cfm?guid_prefix=MVZ:Herp,MVZ:Hild,MVZ:Egg,MVZ:Bird,MVZ:Mamm&scientific_name_match_type=exact&phylorder==Polypteriformes","Polypteriformes"
"478","http://arctos.database.museum/SpecimenResults.cfm?guid_prefix=MVZ:Herp,MVZ:Hild,MVZ:Egg,MVZ:Bird,MVZ:Mamm&scientific_name_match_type=exact&phylorder==Primates","Primates"
"12","http://arctos.database.museum/SpecimenResults.cfm?guid_prefix=MVZ:Herp,MVZ:Hild,MVZ:Egg,MVZ:Bird,MVZ:Mamm&scientific_name_match_type=exact&phylorder==Proboscidea","Proboscidea"
"1361","http://arctos.database.museum/SpecimenResults.cfm?guid_prefix=MVZ:Herp,MVZ:Hild,MVZ:Egg,MVZ:Bird,MVZ:Mamm&scientific_name_match_type=exact&phylorder==Procellariiformes","Procellariiformes"
"936","http://arctos.database.museum/SpecimenResults.cfm?guid_prefix=MVZ:Herp,MVZ:Hild,MVZ:Egg,MVZ:Bird,MVZ:Mamm&scientific_name_match_type=exact&phylorder==Psittaciformes","Psittaciformes"
"19","http://arctos.database.museum/SpecimenResults.cfm?guid_prefix=MVZ:Herp,MVZ:Hild,MVZ:Egg,MVZ:Bird,MVZ:Mamm&scientific_name_match_type=exact&phylorder==Pterocliformes","Pterocliformes"
"2","http://arctos.database.museum/SpecimenResults.cfm?guid_prefix=MVZ:Herp,MVZ:Hild,MVZ:Egg,MVZ:Bird,MVZ:Mamm&scientific_name_match_type=exact&phylorder==Pterosauria","Pterosauria"
"13","http://arctos.database.museum/SpecimenResults.cfm?guid_prefix=MVZ:Herp,MVZ:Hild,MVZ:Egg,MVZ:Bird,MVZ:Mamm&scientific_name_match_type=exact&phylorder==Rajiformes","Rajiformes"
"18","http://arctos.database.museum/SpecimenResults.cfm?guid_prefix=MVZ:Herp,MVZ:Hild,MVZ:Egg,MVZ:Bird,MVZ:Mamm&scientific_name_match_type=exact&phylorder==Rheiformes","Rheiformes"
"3","http://arctos.database.museum/SpecimenResults.cfm?guid_prefix=MVZ:Herp,MVZ:Hild,MVZ:Egg,MVZ:Bird,MVZ:Mamm&scientific_name_match_type=exact&phylorder==Rhynchocephalia","Rhynchocephalia"
"180610","http://arctos.database.museum/SpecimenResults.cfm?guid_prefix=MVZ:Herp,MVZ:Hild,MVZ:Egg,MVZ:Bird,MVZ:Mamm&scientific_name_match_type=exact&phylorder==Rodentia","Rodentia"
"5","http://arctos.database.museum/SpecimenResults.cfm?guid_prefix=MVZ:Herp,MVZ:Hild,MVZ:Egg,MVZ:Bird,MVZ:Mamm&scientific_name_match_type=exact&phylorder==Salmoniformes","Salmoniformes"
"1","http://arctos.database.museum/SpecimenResults.cfm?guid_prefix=MVZ:Herp,MVZ:Hild,MVZ:Egg,MVZ:Bird,MVZ:Mamm&scientific_name_match_type=exact&phylorder==Sauria","Sauria"
"1","http://arctos.database.museum/SpecimenResults.cfm?guid_prefix=MVZ:Herp,MVZ:Hild,MVZ:Egg,MVZ:Bird,MVZ:Mamm&scientific_name_match_type=exact&phylorder==Saurischia","Saurischia"
"34","http://arctos.database.museum/SpecimenResults.cfm?guid_prefix=MVZ:Herp,MVZ:Hild,MVZ:Egg,MVZ:Bird,MVZ:Mamm&scientific_name_match_type=exact&phylorder==Scandentia","Scandentia"
"4","http://arctos.database.museum/SpecimenResults.cfm?guid_prefix=MVZ:Herp,MVZ:Hild,MVZ:Egg,MVZ:Bird,MVZ:Mamm&scientific_name_match_type=exact&phylorder==Scorpaeniformes","Scorpaeniformes"
"13","http://arctos.database.museum/SpecimenResults.cfm?guid_prefix=MVZ:Herp,MVZ:Hild,MVZ:Egg,MVZ:Bird,MVZ:Mamm&scientific_name_match_type=exact&phylorder==Serpentes","Serpentes"
"1","http://arctos.database.museum/SpecimenResults.cfm?guid_prefix=MVZ:Herp,MVZ:Hild,MVZ:Egg,MVZ:Bird,MVZ:Mamm&scientific_name_match_type=exact&phylorder==Siluriformes","Siluriformes"
"9","http://arctos.database.museum/SpecimenResults.cfm?guid_prefix=MVZ:Herp,MVZ:Hild,MVZ:Egg,MVZ:Bird,MVZ:Mamm&scientific_name_match_type=exact&phylorder==Sirenia","Sirenia"
"12544","http://arctos.database.museum/SpecimenResults.cfm?guid_prefix=MVZ:Herp,MVZ:Hild,MVZ:Egg,MVZ:Bird,MVZ:Mamm&scientific_name_match_type=exact&phylorder==Soricomorpha","Soricomorpha"
"104","http://arctos.database.museum/SpecimenResults.cfm?guid_prefix=MVZ:Herp,MVZ:Hild,MVZ:Egg,MVZ:Bird,MVZ:Mamm&scientific_name_match_type=exact&phylorder==Sphenisciformes","Sphenisciformes"
"12","http://arctos.database.museum/SpecimenResults.cfm?guid_prefix=MVZ:Herp,MVZ:Hild,MVZ:Egg,MVZ:Bird,MVZ:Mamm&scientific_name_match_type=exact&phylorder==Squaliformes","Squaliformes"
"116981","http://arctos.database.museum/SpecimenResults.cfm?guid_prefix=MVZ:Herp,MVZ:Hild,MVZ:Egg,MVZ:Bird,MVZ:Mamm&scientific_name_match_type=exact&phylorder==Squamata","Squamata"
"3565","http://arctos.database.museum/SpecimenResults.cfm?guid_prefix=MVZ:Herp,MVZ:Hild,MVZ:Egg,MVZ:Bird,MVZ:Mamm&scientific_name_match_type=exact&phylorder==Strigiformes","Strigiformes"
"21","http://arctos.database.museum/SpecimenResults.cfm?guid_prefix=MVZ:Herp,MVZ:Hild,MVZ:Egg,MVZ:Bird,MVZ:Mamm&scientific_name_match_type=exact&phylorder==Struthioniformes","Struthioniformes"
"801","http://arctos.database.museum/SpecimenResults.cfm?guid_prefix=MVZ:Herp,MVZ:Hild,MVZ:Egg,MVZ:Bird,MVZ:Mamm&scientific_name_match_type=exact&phylorder==Suliformes","Suliformes"
"6","http://arctos.database.museum/SpecimenResults.cfm?guid_prefix=MVZ:Herp,MVZ:Hild,MVZ:Egg,MVZ:Bird,MVZ:Mamm&scientific_name_match_type=exact&phylorder==Syngnathiformes","Syngnathiformes"
"1","http://arctos.database.museum/SpecimenResults.cfm?guid_prefix=MVZ:Herp,MVZ:Hild,MVZ:Egg,MVZ:Bird,MVZ:Mamm&scientific_name_match_type=exact&phylorder==Temnospondyli","Temnospondyli"
"3281","http://arctos.database.museum/SpecimenResults.cfm?guid_prefix=MVZ:Herp,MVZ:Hild,MVZ:Egg,MVZ:Bird,MVZ:Mamm&scientific_name_match_type=exact&phylorder==Testudines","Testudines"
"4","http://arctos.database.museum/SpecimenResults.cfm?guid_prefix=MVZ:Herp,MVZ:Hild,MVZ:Egg,MVZ:Bird,MVZ:Mamm&scientific_name_match_type=exact&phylorder==Tetraodontiformes","Tetraodontiformes"
"3","http://arctos.database.museum/SpecimenResults.cfm?guid_prefix=MVZ:Herp,MVZ:Hild,MVZ:Egg,MVZ:Bird,MVZ:Mamm&scientific_name_match_type=exact&phylorder==Therapsida","Therapsida"
"135","http://arctos.database.museum/SpecimenResults.cfm?guid_prefix=MVZ:Herp,MVZ:Hild,MVZ:Egg,MVZ:Bird,MVZ:Mamm&scientific_name_match_type=exact&phylorder==Tinamiformes","Tinamiformes"
"1","http://arctos.database.museum/SpecimenResults.cfm?guid_prefix=MVZ:Herp,MVZ:Hild,MVZ:Egg,MVZ:Bird,MVZ:Mamm&scientific_name_match_type=exact&phylorder==Torpediniformes","Torpediniformes"
"236","http://arctos.database.museum/SpecimenResults.cfm?guid_prefix=MVZ:Herp,MVZ:Hild,MVZ:Egg,MVZ:Bird,MVZ:Mamm&scientific_name_match_type=exact&phylorder==Trogoniformes","Trogoniformes"
"9","http://arctos.database.museum/SpecimenResults.cfm?guid_prefix=MVZ:Herp,MVZ:Hild,MVZ:Egg,MVZ:Bird,MVZ:Mamm&scientific_name_match_type=exact&phylorder==Tubulidentata","Tubulidentata"
"2","http://arctos.database.museum/SpecimenResults.cfm?guid_prefix=MVZ:Herp,MVZ:Hild,MVZ:Egg,MVZ:Bird,MVZ:Mamm&scientific_name_match_type=exact&phylorder==Tunicata","Tunicata"
"2","http://arctos.database.museum/SpecimenResults.cfm?guid_prefix=MVZ:Herp,MVZ:Hild,MVZ:Egg,MVZ:Bird,MVZ:Mamm&scientific_name_match_type=exact&phylorder==Xenacanthiformes","Xenacanthiformes"
"1","http://arctos.database.museum/SpecimenResults.cfm?guid_prefix=MVZ:Herp,MVZ:Hild,MVZ:Egg,MVZ:Bird,MVZ:Mamm&scientific_name_match_type=exact&phylorder==Xenarthra","Xenarthra"
"1267","http://arctos.database.museum/SpecimenResults.cfm?guid_prefix=MVZ:Herp,MVZ:Hild,MVZ:Egg,MVZ:Bird,MVZ:Mamm&scientific_name_match_type=exact&phylorder=NULL",""